<?xml version="1.0" encoding="UTF-8" standalone="no"?>
<results>
  <success>
    <command id="1" name="createCity"/>
    <parameters>
      <name value="Berlin"/>
      <x value="128"/>
      <y value="128"/>
      <radius value="50"/>
      <color value="red"/>
    </parameters>
    <output/>
  </success>
  <success>
    <command id="2" name="createCity"/>
    <parameters>
      <name value="Geneva"/>
      <x value="90"/>
      <y value="70"/>
      <radius value="80"/>
      <color value="orange"/>
    </parameters>
    <output/>
  </success>
  <success>
    <command id="3" name="createCity"/>
    <parameters>
      <name value="Madrid"/>
      <x value="45"/>
      <y value="50"/>
      <radius value="60"/>
      <color value="yellow"/>
    </parameters>
    <output/>
  </success>
  <success>
    <command id="4" name="createCity"/>
    <parameters>
      <name value="Andorra"/>
      <x value="55"/>
      <y value="50"/>
      <radius value="60"/>
      <color value="green"/>
    </parameters>
    <output/>
  </success>
  <success>
    <command id="5" name="createCity"/>
    <parameters>
      <name value="London"/>
      <x value="70"/>
      <y value="140"/>
      <radius value="90"/>
      <color value="blue"/>
    </parameters>
    <output/>
  </success>
  <success>
    <command id="6" name="createCity"/>
    <parameters>
      <name value="Edinburgh"/>
      <x value="70"/>
      <y value="165"/>
      <radius value="90"/>
      <color value="blue"/>
    </parameters>
    <output/>
  </success>
  <success>
    <command id="7" name="createCity"/>
    <parameters>
      <name value="Athens"/>
      <x value="200"/>
      <y value="40"/>
      <radius value="90"/>
      <color value="blue"/>
    </parameters>
    <output/>
  </success>
  <success>
    <command id="8" name="createCity"/>
    <parameters>
      <name value="Varna"/>
      <x value="210"/>
      <y value="100"/>
      <radius value="90"/>
      <color value="blue"/>
    </parameters>
    <output/>
  </success>
  <success>
    <command id="9" name="createCity"/>
    <parameters>
      <name value="Moscow"/>
      <x value="220"/>
      <y value="220"/>
      <radius value="90"/>
      <color value="blue"/>
    </parameters>
    <output/>
  </success>
  <success>
    <command id="10" name="createCity"/>
    <parameters>
      <name value="St_Petersburg"/>
      <x value="225"/>
      <y value="225"/>
      <radius value="90"/>
      <color value="blue"/>
    </parameters>
    <output/>
  </success>
  <success>
    <command id="11" name="createCity"/>
    <parameters>
      <name value="Stockholm"/>
      <x value="140"/>
      <y value="190"/>
      <radius value="90"/>
      <color value="blue"/>
    </parameters>
    <output/>
  </success>
  <success>
    <command id="12" name="createCity"/>
    <parameters>
      <name value="Paris"/>
      <x value="94"/>
      <y value="98"/>
      <radius value="90"/>
      <color value="blue"/>
    </parameters>
    <output/>
  </success>
  <success>
    <command id="13" name="createCity"/>
    <parameters>
      <name value="Zurich"/>
      <x value="98"/>
      <y value="94"/>
      <radius value="90"/>
      <color value="blue"/>
    </parameters>
    <output/>
  </success>
  <success>
    <command id="14" name="createCity"/>
    <parameters>
      <name value="Lisbon"/>
      <x value="20"/>
      <y value="20"/>
      <radius value="90"/>
      <color value="blue"/>
    </parameters>
    <output/>
  </success>
  <success>
    <command id="15" name="createCity"/>
    <parameters>
      <name value="Seville"/>
      <x value="30"/>
      <y value="10"/>
      <radius value="90"/>
      <color value="blue"/>
    </parameters>
    <output/>
  </success>
  <success>
    <command id="16" name="createCity"/>
    <parameters>
      <name value="Warsaw"/>
      <x value="200"/>
      <y value="150"/>
      <radius value="90"/>
      <color value="blue"/>
    </parameters>
    <output/>
  </success>
  <success>
    <command id="17" name="createCity"/>
    <parameters>
      <name value="Nantes"/>
      <x value="75"/>
      <y value="80"/>
      <radius value="90"/>
      <color value="blue"/>
    </parameters>
    <output/>
  </success>
  <success>
    <command id="18" name="createCity"/>
    <parameters>
      <name value="Brussels"/>
      <x value="100"/>
      <y value="105"/>
      <radius value="90"/>
      <color value="blue"/>
    </parameters>
    <output/>
  </success>
  <success>
    <command id="19" name="createCity"/>
    <parameters>
      <name value="Amsterdam"/>
      <x value="110"/>
      <y value="118"/>
      <radius value="90"/>
      <color value="blue"/>
    </parameters>
    <output/>
  </success>
  <success>
    <command id="20" name="createCity"/>
    <parameters>
      <name value="Kiev"/>
      <x value="240"/>
      <y value="95"/>
      <radius value="90"/>
      <color value="blue"/>
    </parameters>
    <output/>
  </success>
  <success>
    <command id="21" name="createCity"/>
    <parameters>
      <name value="Coppenhagen"/>
      <x value="120"/>
      <y value="140"/>
      <radius value="90"/>
      <color value="blue"/>
    </parameters>
    <output/>
  </success>
  <success>
    <command id="22" name="createCity"/>
    <parameters>
      <name value="Prague"/>
      <x value="130"/>
      <y value="100"/>
      <radius value="90"/>
      <color value="blue"/>
    </parameters>
    <output/>
  </success>
  <success>
    <command id="23" name="createCity"/>
    <parameters>
      <name value="Milan"/>
      <x value="100"/>
      <y value="75"/>
      <radius value="90"/>
      <color value="blue"/>
    </parameters>
    <output/>
  </success>
  <success>
    <command id="24" name="createCity"/>
    <parameters>
      <name value="Rome"/>
      <x value="50"/>
      <y value="120"/>
      <radius value="90"/>
      <color value="blue"/>
    </parameters>
    <output/>
  </success>
  <success>
    <command id="25" name="createCity"/>
    <parameters>
      <name value="Minsk"/>
      <x value="200"/>
      <y value="160"/>
      <radius value="90"/>
      <color value="blue"/>
    </parameters>
    <output/>
  </success>
  <success>
    <command id="26" name="createCity"/>
    <parameters>
      <name value="Istanbul"/>
      <x value="250"/>
      <y value="20"/>
      <radius value="90"/>
      <color value="blue"/>
    </parameters>
    <output/>
  </success>
  <success>
    <command id="27" name="createCity"/>
    <parameters>
      <name value="Belgrade"/>
      <x value="75"/>
      <y value="220"/>
      <radius value="90"/>
      <color value="blue"/>
    </parameters>
    <output/>
  </success>
  <success>
    <command id="28" name="createCity"/>
    <parameters>
      <name value="Helsinki"/>
      <x value="150"/>
      <y value="200"/>
      <radius value="90"/>
      <color value="blue"/>
    </parameters>
    <output/>
  </success>
  <success>
    <command id="29" name="createCity"/>
    <parameters>
      <name value="Bergen"/>
      <x value="120"/>
      <y value="200"/>
      <radius value="90"/>
      <color value="blue"/>
    </parameters>
    <output/>
  </success>
  <success>
    <command id="30" name="createCity"/>
    <parameters>
      <name value="Stavanger"/>
      <x value="120"/>
      <y value="190"/>
      <radius value="90"/>
      <color value="blue"/>
    </parameters>
    <output/>
  </success>
  <success>
    <command id="31" name="createCity"/>
    <parameters>
      <name value="Oslo"/>
      <x value="130"/>
      <y value="190"/>
      <radius value="90"/>
      <color value="blue"/>
    </parameters>
    <output/>
  </success>
  <success>
    <command id="32" name="createCity"/>
    <parameters>
      <name value="Trondheim"/>
      <x value="130"/>
      <y value="200"/>
      <radius value="90"/>
      <color value="blue"/>
    </parameters>
    <output/>
  </success>
  <error type="duplicateCityName">
    <command id="32" name="createCity"/>
    <parameters>
      <name value="Trondheim"/>
      <x value="130"/>
      <y value="200"/>
      <radius value="90"/>
      <color value="blue"/>
    </parameters>
  </error>
  <success>
    <command id="33" name="mapRoad"/>
    <parameters>
      <start value="Lisbon"/>
      <end value="Madrid"/>
    </parameters>
    <output>
      <roadCreated end="Madrid" start="Lisbon"/>
    </output>
  </success>
  <success>
    <command id="34" name="mapRoad"/>
    <parameters>
      <start value="Madrid"/>
      <end value="Andorra"/>
    </parameters>
    <output>
      <roadCreated end="Andorra" start="Madrid"/>
    </output>
  </success>
  <success>
    <command id="35" name="mapRoad"/>
    <parameters>
      <start value="Milan"/>
      <end value="Paris"/>
    </parameters>
    <output>
      <roadCreated end="Paris" start="Milan"/>
    </output>
  </success>
  <success>
    <command id="36" name="mapRoad"/>
    <parameters>
      <start value="Milan"/>
      <end value="Zurich"/>
    </parameters>
    <output>
      <roadCreated end="Zurich" start="Milan"/>
    </output>
  </success>
  <success>
    <command id="37" name="mapRoad"/>
    <parameters>
      <start value="Milan"/>
      <end value="Rome"/>
    </parameters>
    <output>
      <roadCreated end="Rome" start="Milan"/>
    </output>
  </success>
  <success>
    <command id="38" name="mapRoad"/>
    <parameters>
      <start value="Paris"/>
      <end value="Zurich"/>
    </parameters>
    <output>
      <roadCreated end="Zurich" start="Paris"/>
    </output>
  </success>
  <success>
    <command id="39" name="mapRoad"/>
    <parameters>
      <start value="London"/>
      <end value="Edinburgh"/>
    </parameters>
    <output>
      <roadCreated end="Edinburgh" start="London"/>
    </output>
  </success>
  <success>
    <command id="40" name="mapRoad"/>
    <parameters>
      <start value="Paris"/>
      <end value="Berlin"/>
    </parameters>
    <output>
      <roadCreated end="Berlin" start="Paris"/>
    </output>
  </success>
  <success>
    <command id="41" name="mapRoad"/>
    <parameters>
      <start value="Berlin"/>
      <end value="Warsaw"/>
    </parameters>
    <output>
      <roadCreated end="Warsaw" start="Berlin"/>
    </output>
  </success>
  <success>
    <command id="42" name="mapRoad"/>
    <parameters>
      <start value="Milan"/>
      <end value="Andorra"/>
    </parameters>
    <output>
      <roadCreated end="Andorra" start="Milan"/>
    </output>
  </success>
  <success>
    <command id="43" name="mapRoad"/>
    <parameters>
      <start value="Milan"/>
      <end value="Athens"/>
    </parameters>
    <output>
      <roadCreated end="Athens" start="Milan"/>
    </output>
  </success>
  <success>
    <command id="44" name="mapRoad"/>
    <parameters>
      <start value="Athens"/>
      <end value="Varna"/>
    </parameters>
    <output>
      <roadCreated end="Varna" start="Athens"/>
    </output>
  </success>
  <success>
    <command id="45" name="mapRoad"/>
    <parameters>
      <start value="Stockholm"/>
      <end value="Minsk"/>
    </parameters>
    <output>
      <roadCreated end="Minsk" start="Stockholm"/>
    </output>
  </success>
  <success>
    <command id="46" name="mapRoad"/>
    <parameters>
      <start value="Moscow"/>
      <end value="Stockholm"/>
    </parameters>
    <output>
      <roadCreated end="Stockholm" start="Moscow"/>
    </output>
  </success>
  <success>
    <command id="47" name="mapRoad"/>
    <parameters>
      <start value="Moscow"/>
      <end value="Kiev"/>
    </parameters>
    <output>
      <roadCreated end="Kiev" start="Moscow"/>
    </output>
  </success>
  <success>
    <command id="48" name="mapRoad"/>
    <parameters>
      <start value="Varna"/>
      <end value="Kiev"/>
    </parameters>
    <output>
      <roadCreated end="Kiev" start="Varna"/>
    </output>
  </success>
  <success>
    <command id="49" name="mapRoad"/>
    <parameters>
      <start value="Moscow"/>
      <end value="Helsinki"/>
    </parameters>
    <output>
      <roadCreated end="Helsinki" start="Moscow"/>
    </output>
  </success>
  <success>
    <command id="50" name="mapRoad"/>
    <parameters>
      <start value="Oslo"/>
      <end value="Stavanger"/>
    </parameters>
    <output>
      <roadCreated end="Stavanger" start="Oslo"/>
    </output>
  </success>
  <success>
    <command id="51" name="createCity"/>
    <parameters>
      <name value="CRAZY"/>
      <x value="435"/>
      <y value="200"/>
      <radius value="90"/>
      <color value="blue"/>
    </parameters>
    <output/>
  </success>
  <success>
    <command id="52" name="mapRoad"/>
    <parameters>
      <start value="CRAZY"/>
      <end value="CRAZY"/>
    </parameters>
    <output>
      <roadCreated end="CRAZY" start="CRAZY"/>
    </output>
  </success>
  <success>
    <command id="53" name="printPMQuadtree"/>
    <parameters/>
    <output>
      <quadtree order="3">
        <gray x="512" y="512">
          <white/>
          <white/>
          <gray x="256" y="256">
            <white/>
            <white/>
            <gray x="128" y="128">
              <gray x="64" y="192">
                <white/>
                <white/>
                <white/>
                <gray x="96" y="160">
                  <black cardinality="2">
                    <city color="blue" name="Edinburgh" radius="90" x="70" y="165"/>
                    <road end="London" start="Edinburgh"/>
                  </black>
                  <black cardinality="2">
                    <city color="blue" name="Stavanger" radius="90" x="120" y="190"/>
                    <road end="Stavanger" start="Oslo"/>
                  </black>
                  <black cardinality="2">
                    <city color="blue" name="London" radius="90" x="70" y="140"/>
                    <road end="London" start="Edinburgh"/>
                  </black>
                  <black cardinality="3">
                    <city color="red" name="Berlin" radius="50" x="128" y="128"/>
                    <road end="Paris" start="Berlin"/>
                    <road end="Warsaw" start="Berlin"/>
                  </black>
                </gray>
              </gray>
              <gray x="192" y="192">
                <black cardinality="3">
                  <city color="blue" name="Helsinki" radius="90" x="150" y="200"/>
                  <road end="Moscow" start="Helsinki"/>
                  <road end="Stockholm" start="Moscow"/>
                </black>
                <black cardinality="4">
                  <city color="blue" name="Moscow" radius="90" x="220" y="220"/>
                  <road end="Moscow" start="Helsinki"/>
                  <road end="Moscow" start="Kiev"/>
                  <road end="Stockholm" start="Moscow"/>
                </black>
                <gray x="160" y="160">
                  <gray x="144" y="176">
                    <gray x="136" y="184">
                      <black cardinality="2">
                        <city color="blue" name="Oslo" radius="90" x="130" y="190"/>
                        <road end="Stavanger" start="Oslo"/>
                      </black>
                      <black cardinality="3">
                        <city color="blue" name="Stockholm" radius="90" x="140" y="190"/>
                        <road end="Stockholm" start="Minsk"/>
                        <road end="Stockholm" start="Moscow"/>
                      </black>
                      <white/>
                      <white/>
                    </gray>
                    <black cardinality="2">
                      <road end="Stockholm" start="Minsk"/>
                      <road end="Stockholm" start="Moscow"/>
                    </black>
                    <white/>
                    <white/>
                  </gray>
                  <black cardinality="1">
                    <road end="Stockholm" start="Minsk"/>
                  </black>
                  <black cardinality="3">
                    <city color="red" name="Berlin" radius="50" x="128" y="128"/>
                    <road end="Paris" start="Berlin"/>
                    <road end="Warsaw" start="Berlin"/>
                  </black>
                  <black cardinality="1">
                    <road end="Warsaw" start="Berlin"/>
                  </black>
                </gray>
                <gray x="224" y="160">
                  <black cardinality="2">
                    <city color="blue" name="Minsk" radius="90" x="200" y="160"/>
                    <road end="Stockholm" start="Minsk"/>
                  </black>
                  <black cardinality="1">
                    <road end="Moscow" start="Kiev"/>
                  </black>
                  <gray x="208" y="144">
                    <gray x="200" y="152">
                      <black cardinality="2">
                        <city color="blue" name="Minsk" radius="90" x="200" y="160"/>
                        <road end="Stockholm" start="Minsk"/>
                      </black>
                      <black cardinality="2">
                        <city color="blue" name="Minsk" radius="90" x="200" y="160"/>
                        <road end="Stockholm" start="Minsk"/>
                      </black>
                      <black cardinality="2">
                        <city color="blue" name="Warsaw" radius="90" x="200" y="150"/>
                        <road end="Warsaw" start="Berlin"/>
                      </black>
                      <black cardinality="2">
                        <city color="blue" name="Warsaw" radius="90" x="200" y="150"/>
                        <road end="Warsaw" start="Berlin"/>
                      </black>
                    </gray>
                    <white/>
                    <white/>
                    <white/>
                  </gray>
                  <black cardinality="1">
                    <road end="Moscow" start="Kiev"/>
                  </black>
                </gray>
              </gray>
              <gray x="64" y="64">
                <black cardinality="2">
                  <city color="blue" name="Rome" radius="90" x="50" y="120"/>
                  <road end="Rome" start="Milan"/>
                </black>
                <gray x="96" y="96">
                  <black cardinality="5">
                    <city color="blue" name="Paris" radius="90" x="94" y="98"/>
                    <road end="Paris" start="Berlin"/>
                    <road end="Paris" start="Milan"/>
                    <road end="Rome" start="Milan"/>
                    <road end="Zurich" start="Paris"/>
                  </black>
                  <black cardinality="4">
                    <city color="red" name="Berlin" radius="50" x="128" y="128"/>
                    <road end="Paris" start="Berlin"/>
                    <road end="Warsaw" start="Berlin"/>
                    <road end="Zurich" start="Paris"/>
                  </black>
                  <black cardinality="4">
                    <road end="Milan" start="Andorra"/>
                    <road end="Paris" start="Milan"/>
                    <road end="Rome" start="Milan"/>
                    <road end="Zurich" start="Paris"/>
                  </black>
                  <gray x="112" y="80">
                    <black cardinality="4">
                      <city color="blue" name="Zurich" radius="90" x="98" y="94"/>
                      <road end="Paris" start="Milan"/>
                      <road end="Zurich" start="Milan"/>
                      <road end="Zurich" start="Paris"/>
                    </black>
                    <white/>
                    <black cardinality="6">
                      <city color="blue" name="Milan" radius="90" x="100" y="75"/>
                      <road end="Milan" start="Andorra"/>
                      <road end="Milan" start="Athens"/>
                      <road end="Paris" start="Milan"/>
                      <road end="Rome" start="Milan"/>
                      <road end="Zurich" start="Milan"/>
                    </black>
                    <black cardinality="1">
                      <road end="Milan" start="Athens"/>
                    </black>
                  </gray>
                </gray>
                <gray x="32" y="32">
                  <black cardinality="1">
                    <road end="Madrid" start="Lisbon"/>
                  </black>
                  <gray x="48" y="48">
                    <black cardinality="3">
                      <city color="yellow" name="Madrid" radius="60" x="45" y="50"/>
                      <road end="Madrid" start="Andorra"/>
                      <road end="Madrid" start="Lisbon"/>
                    </black>
                    <black cardinality="3">
                      <city color="green" name="Andorra" radius="60" x="55" y="50"/>
                      <road end="Madrid" start="Andorra"/>
                      <road end="Milan" start="Andorra"/>
                    </black>
                    <black cardinality="1">
                      <road end="Madrid" start="Lisbon"/>
                    </black>
                    <white/>
                  </gray>
                  <black cardinality="2">
                    <city color="blue" name="Lisbon" radius="90" x="20" y="20"/>
                    <road end="Madrid" start="Lisbon"/>
                  </black>
                  <white/>
                </gray>
                <black cardinality="1">
                  <road end="Milan" start="Andorra"/>
                </black>
              </gray>
              <gray x="192" y="64">
                <black cardinality="4">
                  <city color="red" name="Berlin" radius="50" x="128" y="128"/>
                  <road end="Milan" start="Athens"/>
                  <road end="Paris" start="Berlin"/>
                  <road end="Warsaw" start="Berlin"/>
                </black>
                <gray x="224" y="96">
                  <black cardinality="3">
                    <city color="blue" name="Varna" radius="90" x="210" y="100"/>
                    <road end="Varna" start="Athens"/>
                    <road end="Varna" start="Kiev"/>
                  </black>
                  <black cardinality="2">
                    <road end="Moscow" start="Kiev"/>
                    <road end="Varna" start="Kiev"/>
                  </black>
                  <black cardinality="1">
                    <road end="Varna" start="Athens"/>
                  </black>
                  <black cardinality="3">
                    <city color="blue" name="Kiev" radius="90" x="240" y="95"/>
                    <road end="Moscow" start="Kiev"/>
                    <road end="Varna" start="Kiev"/>
                  </black>
                </gray>
                <black cardinality="1">
                  <road end="Milan" start="Athens"/>
                </black>
                <black cardinality="3">
                  <city color="blue" name="Athens" radius="90" x="200" y="40"/>
                  <road end="Milan" start="Athens"/>
                  <road end="Varna" start="Athens"/>
                </black>
              </gray>
            </gray>
            <black cardinality="1">
              <isolatedCity color="blue" name="CRAZY" radius="90" x="435" y="200"/>
            </black>
          </gray>
          <white/>
        </gray>
      </quadtree>
    </output>
  </success>
  <success>
    <command id="99" name="saveMap"/>
    <parameters>
      <name value="z"/>
    </parameters>
    <output/>
  </success>
</results>
