<commands xmlns:xsi="http://www.w3.org/2001/XMLSchema-instance" xsi:noNamespaceSchemaLocation="part3in.xsd" spatialWidth="512" spatialHeight="512" pmOrder="2" leafOrder="8">
<createCity id="1" name="city0" x="394" y="164" radius="0" color="black"/>
<createCity id="1" name="city1" x="68" y="64" radius="0" color="black"/>
<createCity id="1" name="city2" x="221" y="11" radius="0" color="black"/>
<createCity id="1" name="city3" x="22" y="174" radius="0" color="black"/>
<createCity id="1" name="city4" x="71" y="304" radius="0" color="black"/>
<createCity id="1" name="city5" x="129" y="42" radius="0" color="black"/>
<createCity id="1" name="city6" x="368" y="119" radius="0" color="black"/>
<createCity id="1" name="city7" x="346" y="19" radius="0" color="black"/>
<createCity id="1" name="city8" x="289" y="120" radius="0" color="black"/>
<createCity id="1" name="city9" x="479" y="435" radius="0" color="black"/>
<createCity id="1" name="city10" x="150" y="288" radius="0" color="black"/>
<createCity id="1" name="city11" x="432" y="153" radius="0" color="black"/>
<createCity id="1" name="city12" x="476" y="61" radius="0" color="black"/>
<createCity id="1" name="city13" x="86" y="231" radius="0" color="black"/>
<createCity id="1" name="city14" x="248" y="208" radius="0" color="black"/>
<createCity id="1" name="city15" x="272" y="82" radius="0" color="black"/>
<createCity id="1" name="city16" x="497" y="334" radius="0" color="black"/>
<createCity id="1" name="city17" x="267" y="75" radius="0" color="black"/>
<createCity id="1" name="city18" x="144" y="281" radius="0" color="black"/>
<createCity id="1" name="city19" x="105" y="20" radius="0" color="black"/>
<createCity id="1" name="city20" x="220" y="155" radius="0" color="black"/>
<createCity id="1" name="city21" x="212" y="120" radius="0" color="black"/>
<createCity id="1" name="city22" x="258" y="228" radius="0" color="black"/>
<createCity id="1" name="city23" x="374" y="377" radius="0" color="black"/>
<createCity id="1" name="city24" x="80" y="170" radius="0" color="black"/>
<createCity id="1" name="city25" x="350" y="287" radius="0" color="black"/>
<createCity id="1" name="city26" x="441" y="341" radius="0" color="black"/>
<createCity id="1" name="city27" x="469" y="483" radius="0" color="black"/>
<createCity id="1" name="city28" x="37" y="241" radius="0" color="black"/>
<createCity id="1" name="city29" x="316" y="153" radius="0" color="black"/>
<createCity id="1" name="city30" x="298" y="330" radius="0" color="black"/>
<createCity id="1" name="city31" x="77" y="205" radius="0" color="black"/>
<createCity id="1" name="city32" x="82" y="411" radius="0" color="black"/>
<createCity id="1" name="city33" x="197" y="252" radius="0" color="black"/>
<createCity id="1" name="city34" x="328" y="317" radius="0" color="black"/>
<createCity id="1" name="city35" x="99" y="471" radius="0" color="black"/>
<createCity id="1" name="city36" x="33" y="69" radius="0" color="black"/>
<createCity id="1" name="city37" x="177" y="84" radius="0" color="black"/>
<createCity id="1" name="city38" x="36" y="155" radius="0" color="black"/>
<createCity id="1" name="city39" x="418" y="320" radius="0" color="black"/>
<createCity id="1" name="city40" x="473" y="498" radius="0" color="black"/>
<createCity id="1" name="city41" x="236" y="33" radius="0" color="black"/>
<createCity id="1" name="city42" x="469" y="450" radius="0" color="black"/>
<createCity id="1" name="city43" x="481" y="298" radius="0" color="black"/>
<createCity id="1" name="city44" x="320" y="43" radius="0" color="black"/>
<createCity id="1" name="city45" x="307" y="72" radius="0" color="black"/>
<createCity id="1" name="city46" x="309" y="459" radius="0" color="black"/>
<createCity id="1" name="city47" x="73" y="391" radius="0" color="black"/>
<createCity id="1" name="city48" x="4" y="179" radius="0" color="black"/>
<createCity id="1" name="city49" x="103" y="34" radius="0" color="black"/>
<createCity id="1" name="city50" x="234" y="48" radius="0" color="black"/>
<createCity id="1" name="city51" x="373" y="277" radius="0" color="black"/>
<createCity id="1" name="city52" x="158" y="275" radius="0" color="black"/>
<createCity id="1" name="city53" x="323" y="453" radius="0" color="black"/>
<createCity id="1" name="city54" x="340" y="222" radius="0" color="black"/>
<createCity id="1" name="city55" x="419" y="13" radius="0" color="black"/>
<createCity id="1" name="city56" x="148" y="123" radius="0" color="black"/>
<createCity id="1" name="city57" x="283" y="345" radius="0" color="black"/>
<createCity id="1" name="city58" x="297" y="306" radius="0" color="black"/>
<createCity id="1" name="city59" x="461" y="481" radius="0" color="black"/>
<createCity id="1" name="city60" x="358" y="386" radius="0" color="black"/>
<createCity id="1" name="city61" x="312" y="433" radius="0" color="black"/>
<createCity id="1" name="city62" x="104" y="449" radius="0" color="black"/>
<createCity id="1" name="city63" x="193" y="35" radius="0" color="black"/>
<createCity id="1" name="city64" x="70" y="126" radius="0" color="black"/>
<createCity id="1" name="city65" x="114" y="423" radius="0" color="black"/>
<createCity id="1" name="city66" x="42" y="439" radius="0" color="black"/>
<createCity id="1" name="city67" x="86" y="133" radius="0" color="black"/>
<createCity id="1" name="city68" x="383" y="379" radius="0" color="black"/>
<createCity id="1" name="city69" x="382" y="173" radius="0" color="black"/>
<createCity id="1" name="city70" x="18" y="291" radius="0" color="black"/>
<createCity id="1" name="city71" x="36" y="260" radius="0" color="black"/>
<createCity id="1" name="city72" x="32" y="333" radius="0" color="black"/>
<createCity id="1" name="city73" x="388" y="447" radius="0" color="black"/>
<createCity id="1" name="city74" x="180" y="139" radius="0" color="black"/>
<createCity id="1" name="city75" x="441" y="342" radius="0" color="black"/>
<createCity id="1" name="city76" x="248" y="413" radius="0" color="black"/>
<createCity id="1" name="city77" x="342" y="209" radius="0" color="black"/>
<createCity id="1" name="city78" x="127" y="129" radius="0" color="black"/>
<createCity id="1" name="city79" x="302" y="433" radius="0" color="black"/>
<createCity id="1" name="city80" x="52" y="117" radius="0" color="black"/>
<createCity id="1" name="city81" x="140" y="164" radius="0" color="black"/>
<createCity id="1" name="city82" x="98" y="316" radius="0" color="black"/>
<createCity id="1" name="city83" x="260" y="196" radius="0" color="black"/>
<createCity id="1" name="city84" x="472" y="320" radius="0" color="black"/>
<createCity id="1" name="city85" x="393" y="172" radius="0" color="black"/>
<createCity id="1" name="city86" x="201" y="458" radius="0" color="black"/>
<createCity id="1" name="city87" x="297" y="294" radius="0" color="black"/>
<createCity id="1" name="city88" x="371" y="211" radius="0" color="black"/>
<createCity id="1" name="city89" x="33" y="389" radius="0" color="black"/>
<createCity id="1" name="city90" x="172" y="481" radius="0" color="black"/>
<createCity id="1" name="city91" x="394" y="52" radius="0" color="black"/>
<createCity id="1" name="city92" x="174" y="59" radius="0" color="black"/>
<createCity id="1" name="city93" x="485" y="245" radius="0" color="black"/>
<createCity id="1" name="city94" x="35" y="377" radius="0" color="black"/>
<createCity id="1" name="city95" x="193" y="166" radius="0" color="black"/>
<createCity id="1" name="city96" x="312" y="225" radius="0" color="black"/>
<createCity id="1" name="city97" x="87" y="376" radius="0" color="black"/>
<createCity id="1" name="city98" x="89" y="486" radius="0" color="black"/>
<createCity id="1" name="city99" x="338" y="497" radius="0" color="black"/>
<createCity id="1" name="city100" x="83" y="306" radius="0" color="black"/>
<createCity id="1" name="city101" x="76" y="45" radius="0" color="black"/>
<createCity id="1" name="city102" x="225" y="128" radius="0" color="black"/>
<createCity id="1" name="city103" x="353" y="59" radius="0" color="black"/>
<createCity id="1" name="city104" x="38" y="69" radius="0" color="black"/>
<createCity id="1" name="city105" x="140" y="207" radius="0" color="black"/>
<createCity id="1" name="city106" x="199" y="401" radius="0" color="black"/>
<createCity id="1" name="city107" x="35" y="399" radius="0" color="black"/>
<createCity id="1" name="city108" x="84" y="399" radius="0" color="black"/>
<createCity id="1" name="city109" x="420" y="238" radius="0" color="black"/>
<createCity id="1" name="city110" x="357" y="501" radius="0" color="black"/>
<createCity id="1" name="city111" x="236" y="395" radius="0" color="black"/>
<createCity id="1" name="city112" x="192" y="117" radius="0" color="black"/>
<createCity id="1" name="city113" x="381" y="263" radius="0" color="black"/>
<createCity id="1" name="city114" x="145" y="437" radius="0" color="black"/>
<createCity id="1" name="city115" x="118" y="109" radius="0" color="black"/>
<createCity id="1" name="city116" x="15" y="151" radius="0" color="black"/>
<createCity id="1" name="city117" x="505" y="20" radius="0" color="black"/>
<createCity id="1" name="city118" x="495" y="240" radius="0" color="black"/>
<createCity id="1" name="city119" x="145" y="132" radius="0" color="black"/>
<createCity id="1" name="city120" x="474" y="248" radius="0" color="black"/>
<createCity id="1" name="city121" x="269" y="483" radius="0" color="black"/>
<createCity id="1" name="city122" x="230" y="89" radius="0" color="black"/>
<createCity id="1" name="city123" x="401" y="197" radius="0" color="black"/>
<createCity id="1" name="city124" x="335" y="108" radius="0" color="black"/>
<createCity id="1" name="city125" x="423" y="318" radius="0" color="black"/>
<createCity id="1" name="city126" x="368" y="318" radius="0" color="black"/>
<createCity id="1" name="city127" x="184" y="350" radius="0" color="black"/>
<createCity id="1" name="city128" x="138" y="206" radius="0" color="black"/>
<createCity id="1" name="city129" x="485" y="316" radius="0" color="black"/>
<createCity id="1" name="city130" x="49" y="178" radius="0" color="black"/>
<createCity id="1" name="city131" x="464" y="198" radius="0" color="black"/>
<createCity id="1" name="city132" x="76" y="151" radius="0" color="black"/>
<createCity id="1" name="city133" x="482" y="107" radius="0" color="black"/>
<createCity id="1" name="city134" x="154" y="172" radius="0" color="black"/>
<createCity id="1" name="city135" x="342" y="92" radius="0" color="black"/>
<createCity id="1" name="city136" x="349" y="328" radius="0" color="black"/>
<createCity id="1" name="city137" x="29" y="80" radius="0" color="black"/>
<createCity id="1" name="city138" x="422" y="60" radius="0" color="black"/>
<createCity id="1" name="city139" x="365" y="213" radius="0" color="black"/>
<createCity id="1" name="city140" x="188" y="212" radius="0" color="black"/>
<createCity id="1" name="city141" x="471" y="507" radius="0" color="black"/>
<createCity id="1" name="city142" x="133" y="121" radius="0" color="black"/>
<createCity id="1" name="city143" x="85" y="232" radius="0" color="black"/>
<createCity id="1" name="city144" x="466" y="479" radius="0" color="black"/>
<createCity id="1" name="city145" x="422" y="135" radius="0" color="black"/>
<createCity id="1" name="city146" x="332" y="47" radius="0" color="black"/>
<createCity id="1" name="city147" x="314" y="69" radius="0" color="black"/>
<createCity id="1" name="city148" x="325" y="171" radius="0" color="black"/>
<createCity id="1" name="city149" x="172" y="135" radius="0" color="black"/>
<createCity id="1" name="city150" x="128" y="13" radius="0" color="black"/>
<createCity id="1" name="city151" x="15" y="67" radius="0" color="black"/>
<createCity id="1" name="city152" x="289" y="497" radius="0" color="black"/>
<createCity id="1" name="city153" x="191" y="460" radius="0" color="black"/>
<createCity id="1" name="city154" x="240" y="411" radius="0" color="black"/>
<createCity id="1" name="city155" x="47" y="452" radius="0" color="black"/>
<createCity id="1" name="city156" x="311" y="365" radius="0" color="black"/>
<createCity id="1" name="city157" x="319" y="65" radius="0" color="black"/>
<createCity id="1" name="city158" x="491" y="40" radius="0" color="black"/>
<createCity id="1" name="city159" x="265" y="294" radius="0" color="black"/>
<createCity id="1" name="city160" x="421" y="144" radius="0" color="black"/>
<createCity id="1" name="city161" x="404" y="349" radius="0" color="black"/>
<createCity id="1" name="city162" x="328" y="287" radius="0" color="black"/>
<createCity id="1" name="city163" x="81" y="464" radius="0" color="black"/>
<createCity id="1" name="city164" x="87" y="113" radius="0" color="black"/>
<createCity id="1" name="city165" x="182" y="363" radius="0" color="black"/>
<createCity id="1" name="city166" x="42" y="13" radius="0" color="black"/>
<createCity id="1" name="city167" x="35" y="170" radius="0" color="black"/>
<createCity id="1" name="city168" x="10" y="169" radius="0" color="black"/>
<createCity id="1" name="city169" x="272" y="315" radius="0" color="black"/>
<createCity id="1" name="city170" x="225" y="398" radius="0" color="black"/>
<createCity id="1" name="city171" x="41" y="77" radius="0" color="black"/>
<createCity id="1" name="city172" x="489" y="461" radius="0" color="black"/>
<createCity id="1" name="city173" x="192" y="192" radius="0" color="black"/>
<createCity id="1" name="city174" x="375" y="167" radius="0" color="black"/>
<createCity id="1" name="city175" x="247" y="70" radius="0" color="black"/>
<createCity id="1" name="city176" x="433" y="233" radius="0" color="black"/>
<createCity id="1" name="city177" x="169" y="79" radius="0" color="black"/>
<createCity id="1" name="city178" x="76" y="365" radius="0" color="black"/>
<createCity id="1" name="city179" x="467" y="42" radius="0" color="black"/>
<createCity id="1" name="city180" x="480" y="250" radius="0" color="black"/>
<createCity id="1" name="city181" x="436" y="261" radius="0" color="black"/>
<createCity id="1" name="city182" x="465" y="4" radius="0" color="black"/>
<createCity id="1" name="city183" x="245" y="147" radius="0" color="black"/>
<createCity id="1" name="city184" x="476" y="208" radius="0" color="black"/>
<createCity id="1" name="city185" x="257" y="129" radius="0" color="black"/>
<createCity id="1" name="city186" x="211" y="166" radius="0" color="black"/>
<createCity id="1" name="city187" x="398" y="171" radius="0" color="black"/>
<createCity id="1" name="city188" x="45" y="140" radius="0" color="black"/>
<createCity id="1" name="city189" x="85" y="308" radius="0" color="black"/>
<createCity id="1" name="city190" x="309" y="132" radius="0" color="black"/>
<createCity id="1" name="city191" x="482" y="39" radius="0" color="black"/>
<createCity id="1" name="city192" x="358" y="192" radius="0" color="black"/>
<createCity id="1" name="city193" x="43" y="250" radius="0" color="black"/>
<createCity id="1" name="city194" x="412" y="50" radius="0" color="black"/>
<createCity id="1" name="city195" x="503" y="405" radius="0" color="black"/>
<createCity id="1" name="city196" x="91" y="350" radius="0" color="black"/>
<createCity id="1" name="city197" x="225" y="257" radius="0" color="black"/>
<createCity id="1" name="city198" x="40" y="47" radius="0" color="black"/>
<createCity id="1" name="city199" x="158" y="224" radius="0" color="black"/>
<createCity id="1" name="city200" x="107" y="203" radius="0" color="black"/>
<createCity id="1" name="city201" x="327" y="286" radius="0" color="black"/>
<createCity id="1" name="city202" x="97" y="229" radius="0" color="black"/>
<createCity id="1" name="city203" x="270" y="392" radius="0" color="black"/>
<createCity id="1" name="city204" x="124" y="238" radius="0" color="black"/>
<createCity id="1" name="city205" x="14" y="213" radius="0" color="black"/>
<createCity id="1" name="city206" x="382" y="252" radius="0" color="black"/>
<createCity id="1" name="city207" x="42" y="183" radius="0" color="black"/>
<createCity id="1" name="city208" x="284" y="502" radius="0" color="black"/>
<createCity id="1" name="city209" x="456" y="307" radius="0" color="black"/>
<createCity id="1" name="city210" x="160" y="334" radius="0" color="black"/>
<createCity id="1" name="city211" x="280" y="255" radius="0" color="black"/>
<createCity id="1" name="city212" x="273" y="95" radius="0" color="black"/>
<createCity id="1" name="city213" x="205" y="431" radius="0" color="black"/>
<createCity id="1" name="city214" x="80" y="419" radius="0" color="black"/>
<createCity id="1" name="city215" x="80" y="64" radius="0" color="black"/>
<createCity id="1" name="city216" x="190" y="468" radius="0" color="black"/>
<createCity id="1" name="city217" x="403" y="311" radius="0" color="black"/>
<createCity id="1" name="city218" x="3" y="96" radius="0" color="black"/>
<createCity id="1" name="city219" x="136" y="395" radius="0" color="black"/>
<createCity id="1" name="city220" x="150" y="211" radius="0" color="black"/>
<createCity id="1" name="city221" x="502" y="440" radius="0" color="black"/>
<createCity id="1" name="city222" x="232" y="211" radius="0" color="black"/>
<createCity id="1" name="city223" x="429" y="253" radius="0" color="black"/>
<createCity id="1" name="city224" x="373" y="361" radius="0" color="black"/>
<createCity id="1" name="city225" x="235" y="429" radius="0" color="black"/>
<createCity id="1" name="city226" x="334" y="486" radius="0" color="black"/>
<createCity id="1" name="city227" x="185" y="101" radius="0" color="black"/>
<createCity id="1" name="city228" x="208" y="66" radius="0" color="black"/>
<createCity id="1" name="city229" x="463" y="367" radius="0" color="black"/>
<createCity id="1" name="city230" x="279" y="254" radius="0" color="black"/>
<createCity id="1" name="city231" x="366" y="117" radius="0" color="black"/>
<createCity id="1" name="city232" x="130" y="278" radius="0" color="black"/>
<createCity id="1" name="city233" x="494" y="344" radius="0" color="black"/>
<createCity id="1" name="city234" x="412" y="235" radius="0" color="black"/>
<createCity id="1" name="city235" x="426" y="203" radius="0" color="black"/>
<createCity id="1" name="city236" x="216" y="283" radius="0" color="black"/>
<createCity id="1" name="city237" x="308" y="362" radius="0" color="black"/>
<createCity id="1" name="city238" x="41" y="383" radius="0" color="black"/>
<createCity id="1" name="city239" x="63" y="303" radius="0" color="black"/>
<createCity id="1" name="city240" x="424" y="285" radius="0" color="black"/>
<createCity id="1" name="city241" x="341" y="482" radius="0" color="black"/>
<createCity id="1" name="city242" x="211" y="10" radius="0" color="black"/>
<createCity id="1" name="city243" x="54" y="121" radius="0" color="black"/>
<createCity id="1" name="city244" x="20" y="68" radius="0" color="black"/>
<createCity id="1" name="city245" x="462" y="399" radius="0" color="black"/>
<createCity id="1" name="city246" x="186" y="214" radius="0" color="black"/>
<createCity id="1" name="city247" x="376" y="499" radius="0" color="black"/>
<createCity id="1" name="city248" x="4" y="400" radius="0" color="black"/>
<createCity id="1" name="city249" x="375" y="160" radius="0" color="black"/>
<mapRoad id="1" start="city25" end="city144"/>
<mapRoad id="1" start="city243" end="city46"/>
<mapRoad id="1" start="city213" end="city80"/>
<mapRoad id="1" start="city236" end="city93"/>
<mapRoad id="1" start="city144" end="city141"/>
<mapRoad id="1" start="city107" end="city121"/>
<mapRoad id="1" start="city140" end="city199"/>
<mapRoad id="1" start="city139" end="city49"/>
<mapRoad id="1" start="city122" end="city50"/>
<mapRoad id="1" start="city247" end="city105"/>
<mapRoad id="1" start="city122" end="city11"/>
<mapRoad id="1" start="city30" end="city58"/>
<mapRoad id="1" start="city94" end="city110"/>
<mapRoad id="1" start="city147" end="city191"/>
<mapRoad id="1" start="city139" end="city206"/>
<mapRoad id="1" start="city56" end="city49"/>
<mapRoad id="1" start="city0" end="city37"/>
<mapRoad id="1" start="city56" end="city81"/>
<mapRoad id="1" start="city44" end="city2"/>
<mapRoad id="1" start="city205" end="city48"/>
<mapRoad id="1" start="city101" end="city168"/>
<mapRoad id="1" start="city144" end="city209"/>
<mapRoad id="1" start="city229" end="city172"/>
<mapRoad id="1" start="city226" end="city165"/>
<mapRoad id="1" start="city186" end="city96"/>
<mapRoad id="1" start="city159" end="city169"/>
<mapRoad id="1" start="city110" end="city226"/>
<mapRoad id="1" start="city128" end="city134"/>
<mapRoad id="1" start="city249" end="city174"/>
<mapRoad id="1" start="city93" end="city16"/>
<mapRoad id="1" start="city183" end="city134"/>
<mapRoad id="1" start="city119" end="city80"/>
<mapRoad id="1" start="city91" end="city103"/>
<mapRoad id="1" start="city103" end="city147"/>
<mapRoad id="1" start="city125" end="city43"/>
<mapRoad id="1" start="city157" end="city55"/>
<mapRoad id="1" start="city105" end="city220"/>
<mapRoad id="1" start="city128" end="city241"/>
<mapRoad id="1" start="city190" end="city8"/>
<mapRoad id="1" start="city235" end="city179"/>
<mapRoad id="1" start="city242" end="city6"/>
<mapRoad id="1" start="city213" end="city167"/>
<mapRoad id="1" start="city215" end="city19"/>
<mapRoad id="1" start="city234" end="city206"/>
<mapRoad id="1" start="city147" end="city182"/>
<mapRoad id="1" start="city77" end="city21"/>
<mapRoad id="1" start="city176" end="city123"/>
<mapRoad id="1" start="city186" end="city77"/>
<mapRoad id="1" start="city70" end="city219"/>
<mapRoad id="1" start="city45" end="city11"/>
<mapRoad id="1" start="city208" end="city66"/>
<mapRoad id="1" start="city224" end="city201"/>
<printPMQuadtree id="1"/>
<saveMap id="1" name="PM2BigInsertAndDeleteTest"/>
<unmapRoad id="1" start="city25" end="city144"/>
<unmapRoad id="1" start="city243" end="city46"/>
<unmapRoad id="1" start="city213" end="city80"/>
<unmapRoad id="1" start="city236" end="city93"/>
<unmapRoad id="1" start="city144" end="city141"/>
<unmapRoad id="1" start="city107" end="city121"/>
<unmapRoad id="1" start="city140" end="city199"/>
<unmapRoad id="1" start="city139" end="city49"/>
<unmapRoad id="1" start="city122" end="city50"/>
<unmapRoad id="1" start="city247" end="city105"/>
<unmapRoad id="1" start="city122" end="city11"/>
<unmapRoad id="1" start="city30" end="city58"/>
<unmapRoad id="1" start="city94" end="city110"/>
<unmapRoad id="1" start="city147" end="city191"/>
<unmapRoad id="1" start="city139" end="city206"/>
<unmapRoad id="1" start="city56" end="city49"/>
<unmapRoad id="1" start="city0" end="city37"/>
<unmapRoad id="1" start="city56" end="city81"/>
<unmapRoad id="1" start="city44" end="city2"/>
<unmapRoad id="1" start="city205" end="city48"/>
<unmapRoad id="1" start="city101" end="city168"/>
<unmapRoad id="1" start="city144" end="city209"/>
<unmapRoad id="1" start="city229" end="city172"/>
<unmapRoad id="1" start="city226" end="city165"/>
<unmapRoad id="1" start="city186" end="city96"/>
<printPMQuadtree id="1"/>
<saveMap id="1" name="PM2BigInsertAndDeleteTestAfterRemove"/>
</commands>