
<commands
	xmlns:xsi="http://www.w3.org/2001/XMLSchema-instance"
	xsi:noNamespaceSchemaLocation="part3in.xsd"
	pmOrder="3" leafOrder="3" spatialWidth="1024" spatialHeight="1024" type="Bstar">
	
  <createCity color="black" id="1" name="vhec" radius="1" x="565" y="100"/>
  <printHexTrie id="2"/>
  <createCity color="black" id="3" name="jqqq" radius="7" x="910" y="533"/>
  <printHexTrie id="4"/>
  <createCity color="black" id="5" name="jeco" radius="7" x="618" y="787"/>
  <printHexTrie id="6"/>
  <createCity color="black" id="7" name="hgcs" radius="6" x="245" y="726"/>
  <printHexTrie id="8"/>
  <createCity color="black" id="9" name="cumd" radius="2" x="247" y="773"/>
  <printHexTrie id="10"/>
  <createCity color="black" id="11" name="jtrj" radius="8" x="921" y="117"/>
  <printHexTrie id="12"/>
  <createCity color="black" id="13" name="mfue" radius="4" x="829" y="983"/>
  <printHexTrie id="14"/>
  <createCity color="black" id="15" name="unnf" radius="4" x="403" y="43"/>
  <printHexTrie id="16"/>
  <createCity color="black" id="17" name="dvnm" radius="1" x="542" y="326"/>
  <printHexTrie id="18"/>
  <createCity color="black" id="19" name="muec" radius="7" x="956" y="328"/>
  <printHexTrie id="20"/>
  <createCity color="black" id="21" name="erar" radius="2" x="448" y="773"/>
  <printHexTrie id="22"/>
  <createCity color="black" id="23" name="hcgc" radius="8" x="667" y="227"/>
  <printHexTrie id="24"/>
  <createCity color="black" id="25" name="sabm" radius="7" x="692" y="824"/>
  <printHexTrie id="26"/>
  <createCity color="black" id="27" name="dktp" radius="0" x="532" y="229"/>
  <printHexTrie id="28"/>
  <createCity color="black" id="29" name="iqrf" radius="5" x="408" y="919"/>
  <printHexTrie id="30"/>
  <createCity color="black" id="31" name="orjg" radius="3" x="505" y="367"/>
  <printHexTrie id="32"/>
  <createCity color="black" id="33" name="eggb" radius="9" x="547" y="31"/>
  <printHexTrie id="34"/>
  <createCity color="black" id="35" name="ragl" radius="4" x="852" y="969"/>
  <printHexTrie id="36"/>
  <createCity color="black" id="37" name="abtr" radius="8" x="96" y="308"/>
  <printHexTrie id="38"/>
  <createCity color="black" id="39" name="mmag" radius="3" x="601" y="40"/>
  <printHexTrie id="40"/>
  <createCity color="black" id="41" name="dvcr" radius="0" x="552" y="777"/>
  <printHexTrie id="42"/>
  <createCity color="black" id="43" name="htae" radius="7" x="773" y="375"/>
  <printHexTrie id="44"/>
  <createCity color="black" id="45" name="caqv" radius="2" x="514" y="289"/>
  <printHexTrie id="46"/>
  <createCity color="black" id="47" name="hkgu" radius="0" x="229" y="623"/>
  <printHexTrie id="48"/>
  <createCity color="black" id="49" name="ishf" radius="2" x="497" y="654"/>
  <printHexTrie id="50"/>
  <createCity color="black" id="51" name="leoe" radius="2" x="264" y="776"/>
  <printHexTrie id="52"/>
  <createCity color="black" id="53" name="efht" radius="4" x="940" y="284"/>
  <printHexTrie id="54"/>
  <createCity color="black" id="55" name="fkko" radius="9" x="368" y="312"/>
  <printHexTrie id="56"/>
  <createCity color="black" id="57" name="lmr" radius="3" x="520" y="57"/>
  <printHexTrie id="58"/>
  <createCity color="black" id="59" name="qfuj" radius="3" x="119" y="441"/>
  <printHexTrie id="60"/>
  <createCity color="black" id="61" name="ucrs" radius="4" x="479" y="177"/>
  <printHexTrie id="62"/>
  <createCity color="black" id="63" name="vltj" radius="5" x="929" y="836"/>
  <printHexTrie id="64"/>
  <createCity color="black" id="65" name="usbu" radius="1" x="693" y="783"/>
  <printHexTrie id="66"/>
  <createCity color="black" id="67" name="vphd" radius="8" x="896" y="4"/>
  <printHexTrie id="68"/>
  <createCity color="black" id="69" name="fvqk" radius="2" x="358" y="152"/>
  <printHexTrie id="70"/>
  <createCity color="black" id="71" name="aqcr" radius="2" x="368" y="969"/>
  <printHexTrie id="72"/>
  <createCity color="black" id="73" name="dluc" radius="0" x="778" y="722"/>
  <printHexTrie id="74"/>
  <createCity color="black" id="75" name="rvtn" radius="5" x="12" y="676"/>
  <printHexTrie id="76"/>
  <createCity color="black" id="77" name="mnmb" radius="9" x="212" y="483"/>
  <printHexTrie id="78"/>
  <createCity color="black" id="79" name="epnn" radius="4" x="167" y="975"/>
  <printHexTrie id="80"/>
  <createCity color="black" id="81" name="epub" radius="8" x="549" y="796"/>
  <printHexTrie id="82"/>
  <createCity color="black" id="83" name="heod" radius="3" x="561" y="976"/>
  <printHexTrie id="84"/>
  <createCity color="black" id="85" name="lsbl" radius="9" x="966" y="344"/>
  <printHexTrie id="86"/>
  <createCity color="black" id="87" name="qssp" radius="5" x="53" y="184"/>
  <printHexTrie id="88"/>
  <createCity color="black" id="89" name="gqjf" radius="5" x="259" y="72"/>
  <printHexTrie id="90"/>
  <createCity color="black" id="91" name="oehk" radius="7" x="830" y="105"/>
  <printHexTrie id="92"/>
  <createCity color="black" id="93" name="vsqh" radius="3" x="279" y="5"/>
  <printHexTrie id="94"/>
  <createCity color="black" id="95" name="adli" radius="9" x="439" y="853"/>
  <printHexTrie id="96"/>
  <createCity color="black" id="97" name="bcub" radius="2" x="582" y="2"/>
  <printHexTrie id="98"/>
  <createCity color="black" id="99" name="vjbc" radius="9" x="565" y="937"/>
  <printHexTrie id="100"/>
  <createCity color="black" id="101" name="jeta" radius="1" x="818" y="770"/>
  <printHexTrie id="102"/>
  <createCity color="black" id="103" name="der" radius="5" x="398" y="472"/>
  <printHexTrie id="104"/>
  <createCity color="black" id="105" name="bro" radius="9" x="479" y="10"/>
  <printHexTrie id="106"/>
  <createCity color="black" id="107" name="eacn" radius="1" x="871" y="917"/>
  <printHexTrie id="108"/>
  <createCity color="black" id="109" name="efg" radius="0" x="904" y="752"/>
  <printHexTrie id="110"/>
  <createCity color="black" id="111" name="relu" radius="8" x="541" y="578"/>
  <printHexTrie id="112"/>
  <createCity color="black" id="113" name="ffkt" radius="4" x="120" y="60"/>
  <printHexTrie id="114"/>
  <createCity color="black" id="115" name="ogfg" radius="0" x="149" y="977"/>
  <printHexTrie id="116"/>
  <createCity color="black" id="117" name="oulv" radius="2" x="322" y="8"/>
  <printHexTrie id="118"/>
  <createCity color="black" id="119" name="kqmc" radius="3" x="441" y="65"/>
  <printHexTrie id="120"/>
  <createCity color="black" id="121" name="tbpi" radius="2" x="56" y="553"/>
  <printHexTrie id="122"/>
  <createCity color="black" id="123" name="vuna" radius="4" x="750" y="808"/>
  <printHexTrie id="124"/>
  <createCity color="black" id="125" name="erdp" radius="8" x="309" y="727"/>
  <printHexTrie id="126"/>
  <createCity color="black" id="127" name="digr" radius="4" x="730" y="832"/>
  <printHexTrie id="128"/>
  <createCity color="black" id="129" name="gfuv" radius="5" x="458" y="767"/>
  <printHexTrie id="130"/>
  <createCity color="black" id="131" name="drof" radius="8" x="983" y="595"/>
  <printHexTrie id="132"/>
  <createCity color="black" id="133" name="hhvl" radius="7" x="907" y="50"/>
  <printHexTrie id="134"/>
  <createCity color="black" id="135" name="cqbb" radius="1" x="696" y="471"/>
  <printHexTrie id="136"/>
  <createCity color="black" id="137" name="edfj" radius="9" x="237" y="205"/>
  <printHexTrie id="138"/>
  <createCity color="black" id="139" name="mscc" radius="7" x="807" y="486"/>
  <printHexTrie id="140"/>
  <createCity color="black" id="141" name="ferb" radius="6" x="30" y="675"/>
  <printHexTrie id="142"/>
  <createCity color="black" id="143" name="vavl" radius="0" x="153" y="493"/>
  <printHexTrie id="144"/>
  <createCity color="black" id="145" name="hdum" radius="2" x="409" y="497"/>
  <printHexTrie id="146"/>
  <createCity color="black" id="147" name="kfem" radius="5" x="962" y="766"/>
  <printHexTrie id="148"/>
  <createCity color="black" id="149" name="qmnk" radius="8" x="717" y="746"/>
  <printHexTrie id="150"/>
  <createCity color="black" id="151" name="lubs" radius="4" x="493" y="365"/>
  <printHexTrie id="152"/>
  <createCity color="black" id="153" name="nrmn" radius="2" x="31" y="114"/>
  <printHexTrie id="154"/>
  <createCity color="black" id="155" name="fbdr" radius="0" x="408" y="815"/>
  <printHexTrie id="156"/>
  <createCity color="black" id="157" name="ikvc" radius="2" x="120" y="550"/>
  <printHexTrie id="158"/>
  <createCity color="black" id="159" name="idka" radius="4" x="183" y="397"/>
  <printHexTrie id="160"/>
  <createCity color="black" id="161" name="qni" radius="4" x="481" y="866"/>
  <printHexTrie id="162"/>
  <createCity color="black" id="163" name="gt" radius="1" x="794" y="579"/>
  <printHexTrie id="164"/>
  <createCity color="black" id="165" name="ethb" radius="7" x="863" y="288"/>
  <printHexTrie id="166"/>
  <createCity color="black" id="167" name="gcmk" radius="6" x="566" y="216"/>
  <printHexTrie id="168"/>
  <createCity color="black" id="169" name="gbdt" radius="4" x="793" y="192"/>
  <printHexTrie id="170"/>
  <createCity color="black" id="171" name="ihvb" radius="2" x="260" y="291"/>
  <printHexTrie id="172"/>
  <createCity color="black" id="173" name="qbng" radius="3" x="394" y="688"/>
  <printHexTrie id="174"/>
  <createCity color="black" id="175" name="acug" radius="8" x="635" y="248"/>
  <printHexTrie id="176"/>
  <createCity color="black" id="177" name="lemg" radius="6" x="130" y="423"/>
  <printHexTrie id="178"/>
  <createCity color="black" id="179" name="kqgc" radius="3" x="133" y="804"/>
  <printHexTrie id="180"/>
  <createCity color="black" id="181" name="hrhq" radius="3" x="6" y="384"/>
  <printHexTrie id="182"/>
  <createCity color="black" id="183" name="fbek" radius="4" x="432" y="305"/>
  <printHexTrie id="184"/>
  <createCity color="black" id="185" name="kebr" radius="6" x="331" y="646"/>
  <printHexTrie id="186"/>
  <createCity color="black" id="187" name="djmu" radius="0" x="113" y="836"/>
  <printHexTrie id="188"/>
  <createCity color="black" id="189" name="tabp" radius="8" x="104" y="937"/>
  <printHexTrie id="190"/>
  <createCity color="black" id="191" name="lqnh" radius="6" x="21" y="963"/>
  <printHexTrie id="192"/>
  <createCity color="black" id="193" name="omod" radius="2" x="815" y="435"/>
  <printHexTrie id="194"/>
  <createCity color="black" id="195" name="qtni" radius="2" x="249" y="965"/>
  <printHexTrie id="196"/>
  <createCity color="black" id="197" name="hrim" radius="8" x="295" y="968"/>
  <printHexTrie id="198"/>
  <createCity color="black" id="199" name="hudq" radius="4" x="380" y="34"/>
  <printHexTrie id="200"/>
  <createCity color="black" id="201" name="heio" radius="3" x="894" y="585"/>
  <printHexTrie id="202"/>
  <createCity color="black" id="203" name="ssdc" radius="0" x="456" y="120"/>
  <printHexTrie id="204"/>
  <createCity color="black" id="205" name="hjlv" radius="4" x="717" y="240"/>
  <printHexTrie id="206"/>
  <createCity color="black" id="207" name="vrdd" radius="7" x="286" y="985"/>
  <printHexTrie id="208"/>
  <createCity color="black" id="209" name="hpqo" radius="3" x="820" y="57"/>
  <printHexTrie id="210"/>
  <createCity color="black" id="211" name="uqre" radius="9" x="480" y="768"/>
  <printHexTrie id="212"/>
  <createCity color="black" id="213" name="bgub" radius="2" x="952" y="591"/>
  <printHexTrie id="214"/>
  <createCity color="black" id="215" name="rski" radius="5" x="128" y="679"/>
  <printHexTrie id="216"/>
  <createCity color="black" id="217" name="boos" radius="6" x="630" y="654"/>
  <printHexTrie id="218"/>
  <createCity color="black" id="219" name="lopb" radius="1" x="103" y="861"/>
  <printHexTrie id="220"/>
  <createCity color="black" id="221" name="nctf" radius="5" x="677" y="411"/>
  <printHexTrie id="222"/>
  <createCity color="black" id="223" name="rags" radius="3" x="710" y="327"/>
  <printHexTrie id="224"/>
  <createCity color="black" id="225" name="huui" radius="7" x="43" y="468"/>
  <printHexTrie id="226"/>
  <createCity color="black" id="227" name="flkn" radius="1" x="971" y="966"/>
  <printHexTrie id="228"/>
  <createCity color="black" id="229" name="luq" radius="8" x="11" y="838"/>
  <printHexTrie id="230"/>
  <createCity color="black" id="231" name="vogp" radius="1" x="450" y="986"/>
  <printHexTrie id="232"/>
  <createCity color="black" id="233" name="bnnh" radius="0" x="333" y="866"/>
  <printHexTrie id="234"/>
  <createCity color="black" id="235" name="fbf" radius="5" x="763" y="841"/>
  <printHexTrie id="236"/>
  <createCity color="black" id="237" name="iits" radius="7" x="326" y="113"/>
  <printHexTrie id="238"/>
  <createCity color="black" id="239" name="npjv" radius="6" x="903" y="385"/>
  <printHexTrie id="240"/>
  <createCity color="black" id="241" name="vbke" radius="8" x="240" y="764"/>
  <printHexTrie id="242"/>
  <createCity color="black" id="243" name="ddtg" radius="7" x="426" y="4"/>
  <printHexTrie id="244"/>
  <createCity color="black" id="245" name="ucgu" radius="9" x="4" y="420"/>
  <printHexTrie id="246"/>
  <createCity color="black" id="247" name="nmnm" radius="6" x="342" y="267"/>
  <printHexTrie id="248"/>
  <createCity color="black" id="249" name="imre" radius="3" x="599" y="76"/>
  <printHexTrie id="250"/>
  <createCity color="black" id="251" name="hlud" radius="3" x="986" y="586"/>
  <printHexTrie id="252"/>
  <createCity color="black" id="253" name="dhvt" radius="3" x="360" y="270"/>
  <printHexTrie id="254"/>
  <createCity color="black" id="255" name="mrqt" radius="1" x="89" y="793"/>
  <printHexTrie id="256"/>
  <createCity color="black" id="257" name="rqbe" radius="0" x="418" y="676"/>
  <printHexTrie id="258"/>
  <createCity color="black" id="259" name="tcr" radius="4" x="898" y="41"/>
  <printHexTrie id="260"/>
  <createCity color="black" id="261" name="eepu" radius="3" x="617" y="787"/>
  <printHexTrie id="262"/>
  <createCity color="black" id="263" name="oito" radius="4" x="522" y="902"/>
  <printHexTrie id="264"/>
  <createCity color="black" id="265" name="bepr" radius="3" x="707" y="767"/>
  <printHexTrie id="266"/>
  <createCity color="black" id="267" name="alra" radius="9" x="98" y="926"/>
  <printHexTrie id="268"/>
  <createCity color="black" id="269" name="dueu" radius="5" x="498" y="421"/>
  <printHexTrie id="270"/>
  <createCity color="black" id="271" name="hlee" radius="3" x="93" y="851"/>
  <printHexTrie id="272"/>
  <createCity color="black" id="273" name="ntek" radius="3" x="352" y="420"/>
  <printHexTrie id="274"/>
  <createCity color="black" id="275" name="pqct" radius="2" x="835" y="176"/>
  <printHexTrie id="276"/>
  <createCity color="black" id="277" name="gnbu" radius="6" x="589" y="399"/>
  <printHexTrie id="278"/>
  <createCity color="black" id="279" name="mrnm" radius="0" x="337" y="384"/>
  <printHexTrie id="280"/>
  <createCity color="black" id="281" name="vfdr" radius="6" x="823" y="98"/>
  <printHexTrie id="282"/>
  <createCity color="black" id="283" name="qlno" radius="8" x="987" y="917"/>
  <printHexTrie id="284"/>
  <createCity color="black" id="285" name="vvah" radius="1" x="249" y="748"/>
  <printHexTrie id="286"/>
  <createCity color="black" id="287" name="moso" radius="5" x="740" y="300"/>
  <printHexTrie id="288"/>
  <createCity color="black" id="289" name="feir" radius="2" x="443" y="227"/>
  <printHexTrie id="290"/>
  <createCity color="black" id="291" name="pbah" radius="2" x="899" y="975"/>
  <printHexTrie id="292"/>
  <createCity color="black" id="293" name="onje" radius="2" x="386" y="22"/>
  <printHexTrie id="294"/>
  <createCity color="black" id="295" name="hfao" radius="2" x="377" y="328"/>
  <printHexTrie id="296"/>
  <createCity color="black" id="297" name="khhv" radius="0" x="376" y="385"/>
  <printHexTrie id="298"/>
  <createCity color="black" id="299" name="djqg" radius="2" x="885" y="809"/>
  <printHexTrie id="300"/>
  <createCity color="black" id="301" name="mmbp" radius="4" x="940" y="790"/>
  <printHexTrie id="302"/>
  <createCity color="black" id="303" name="ikem" radius="4" x="577" y="471"/>
  <printHexTrie id="304"/>
  <createCity color="black" id="305" name="scvi" radius="0" x="375" y="387"/>
  <printHexTrie id="306"/>
  <createCity color="black" id="307" name="ueuq" radius="8" x="286" y="640"/>
  <printHexTrie id="308"/>
  <createCity color="black" id="309" name="crhe" radius="3" x="431" y="668"/>
  <printHexTrie id="310"/>
  <createCity color="black" id="311" name="pktf" radius="6" x="352" y="82"/>
  <printHexTrie id="312"/>
  <createCity color="black" id="313" name="jdsk" radius="1" x="677" y="454"/>
  <printHexTrie id="314"/>
  <createCity color="black" id="315" name="trpp" radius="5" x="490" y="60"/>
  <printHexTrie id="316"/>
  <createCity color="black" id="317" name="padn" radius="7" x="391" y="81"/>
  <printHexTrie id="318"/>
  <createCity color="black" id="319" name="fisv" radius="4" x="107" y="87"/>
  <printHexTrie id="320"/>
  <createCity color="black" id="321" name="clh" radius="5" x="287" y="832"/>
  <printHexTrie id="322"/>
  <createCity color="black" id="323" name="jsjr" radius="9" x="565" y="404"/>
  <printHexTrie id="324"/>
  <createCity color="black" id="325" name="nndp" radius="5" x="901" y="51"/>
  <printHexTrie id="326"/>
  <createCity color="black" id="327" name="vjrc" radius="0" x="52" y="853"/>
  <printHexTrie id="328"/>
  <createCity color="black" id="329" name="fevk" radius="2" x="137" y="546"/>
  <printHexTrie id="330"/>
  <createCity color="black" id="331" name="lgnm" radius="0" x="66" y="579"/>
  <printHexTrie id="332"/>
  <createCity color="black" id="333" name="ppqj" radius="8" x="918" y="203"/>
  <printHexTrie id="334"/>
  <createCity color="black" id="335" name="rqlc" radius="8" x="985" y="247"/>
  <printHexTrie id="336"/>
  <createCity color="black" id="337" name="hks" radius="5" x="431" y="600"/>
  <printHexTrie id="338"/>
  <createCity color="black" id="339" name="nrma" radius="3" x="260" y="5"/>
  <printHexTrie id="340"/>
  <createCity color="black" id="341" name="fhuc" radius="9" x="390" y="680"/>
  <printHexTrie id="342"/>
  <createCity color="black" id="343" name="patp" radius="4" x="435" y="490"/>
  <printHexTrie id="344"/>
  <createCity color="black" id="345" name="fbsj" radius="3" x="664" y="713"/>
  <printHexTrie id="346"/>
  <createCity color="black" id="347" name="hqnj" radius="7" x="389" y="688"/>
  <printHexTrie id="348"/>
  <createCity color="black" id="349" name="qtvl" radius="8" x="536" y="14"/>
  <printHexTrie id="350"/>
  <createCity color="black" id="351" name="amdq" radius="6" x="834" y="364"/>
  <printHexTrie id="352"/>
  <createCity color="black" id="353" name="irqr" radius="7" x="527" y="707"/>
  <printHexTrie id="354"/>
  <createCity color="black" id="355" name="uson" radius="7" x="682" y="304"/>
  <printHexTrie id="356"/>
  <createCity color="black" id="357" name="dcdc" radius="5" x="955" y="961"/>
  <printHexTrie id="358"/>
  <createCity color="black" id="359" name="ovi" radius="3" x="165" y="338"/>
  <printHexTrie id="360"/>
  <createCity color="black" id="361" name="quts" radius="6" x="91" y="890"/>
  <printHexTrie id="362"/>
  <createCity color="black" id="363" name="okjv" radius="8" x="655" y="501"/>
  <printHexTrie id="364"/>
  <createCity color="black" id="365" name="suqo" radius="6" x="531" y="32"/>
  <printHexTrie id="366"/>
  <createCity color="black" id="367" name="hnio" radius="1" x="635" y="90"/>
  <printHexTrie id="368"/>
  <createCity color="black" id="369" name="divv" radius="5" x="271" y="267"/>
  <printHexTrie id="370"/>
  <createCity color="black" id="371" name="slei" radius="5" x="762" y="418"/>
  <printHexTrie id="372"/>
  <createCity color="black" id="373" name="gpmb" radius="3" x="313" y="932"/>
  <printHexTrie id="374"/>
  <createCity color="black" id="375" name="mqdn" radius="5" x="145" y="803"/>
  <printHexTrie id="376"/>
  <createCity color="black" id="377" name="ivae" radius="1" x="704" y="57"/>
  <printHexTrie id="378"/>
  <createCity color="black" id="379" name="vgkj" radius="7" x="730" y="692"/>
  <printHexTrie id="380"/>
  <createCity color="black" id="381" name="ogcf" radius="9" x="803" y="230"/>
  <printHexTrie id="382"/>
  <createCity color="black" id="383" name="biko" radius="4" x="861" y="505"/>
  <printHexTrie id="384"/>
  <createCity color="black" id="385" name="vrai" radius="9" x="731" y="891"/>
  <printHexTrie id="386"/>
  <createCity color="black" id="387" name="ueim" radius="3" x="869" y="933"/>
  <printHexTrie id="388"/>
  <createCity color="black" id="389" name="dieg" radius="7" x="237" y="496"/>
  <printHexTrie id="390"/>
  <createCity color="black" id="391" name="scvk" radius="0" x="863" y="541"/>
  <printHexTrie id="392"/>
  <createCity color="black" id="393" name="vinl" radius="2" x="234" y="212"/>
  <printHexTrie id="394"/>
  <createCity color="black" id="395" name="vbg" radius="2" x="352" y="871"/>
  <printHexTrie id="396"/>
  <createCity color="black" id="397" name="grmq" radius="3" x="624" y="739"/>
  <printHexTrie id="398"/>
  <createCity color="black" id="399" name="ufhe" radius="0" x="801" y="90"/>
  <printHexTrie id="400"/>
</commands>

